LGA,Total cases,Date
Southern Downs Regional,10,2021-12-24
Lockyer Valley Regional,11,2021-12-24
Livingstone Shire,6,2021-12-24
Ipswich City,119,2021-12-24
Interstate/Other,322,2021-12-24
Hinchinbrook Shire,1,2021-12-24
Gympie Regional,9,2021-12-24
Goondiwindi Regional,13,2021-12-24
Logan City,162,2021-12-24
Gold Coast City,496,2021-12-24
Douglas Shire,8,2021-12-24
Doomadgee Aboriginal Shire,1,2021-12-24
Charters Towers Regional,3,2021-12-24
Central Highlands Regional,3,2021-12-24
Cassowary Coast Regional,3,2021-12-24
Cairns Regional,68,2021-12-24
Bundaberg Regional,44,2021-12-24
Fraser Coast Regional,20,2021-12-24
Mackay Regional,28,2021-12-24
Maranoa Regional,2,2021-12-24
Mareeba Shire,9,2021-12-24
Whitsunday Regional,12,2021-12-24
Western Downs Regional,7,2021-12-24
Townsville City,45,2021-12-24
Torres Shire,1,2021-12-24
Toowoomba Regional,69,2021-12-24
Tablelands Regional,4,2021-12-24
Sunshine Coast Regional,150,2021-12-24
South Burnett Regional,3,2021-12-24
Somerset Regional,7,2021-12-24
Scenic Rim Regional,9,2021-12-24
Rockhampton Regional,23,2021-12-24
Redland City,66,2021-12-24
Paroo Shire,1,2021-12-24
Not Supplied,169,2021-12-24
North Burnett Regional,4,2021-12-24
Noosa Shire,54,2021-12-24
Moreton Bay Regional,189,2021-12-24
Brisbane City,1397,2021-12-24
Banana Shire,1,2021-12-24
Gladstone Regional,15,2021-12-24
Somerset Regional,8,2021-12-25
Brisbane City,1664,2021-12-25
Bundaberg Regional,71,2021-12-25
Cairns Regional,79,2021-12-25
Cassowary Coast Regional,4,2021-12-25
Central Highlands Regional,5,2021-12-25
Charters Towers Regional,3,2021-12-25
Cook Shire,1,2021-12-25
Doomadgee Aboriginal Shire,1,2021-12-25
Douglas Shire,10,2021-12-25
Fraser Coast Regional,20,2021-12-25
Gladstone Regional,16,2021-12-25
Gold Coast City,586,2021-12-25
Goondiwindi Regional,13,2021-12-25
Gympie Regional,11,2021-12-25
Hinchinbrook Shire,1,2021-12-25
Interstate/Other,380,2021-12-25
Ipswich City,132,2021-12-25
Isaac Regional,4,2021-12-25
Livingstone Shire,7,2021-12-25
Lockyer Valley Regional,11,2021-12-25
Logan City,212,2021-12-25
Mackay Regional,31,2021-12-25
Maranoa Regional,2,2021-12-25
Mareeba Shire,15,2021-12-25
Moreton Bay Regional,220,2021-12-25
Noosa Shire,90,2021-12-25
North Burnett Regional,5,2021-12-25
Not Supplied,235,2021-12-25
Paroo Shire,1,2021-12-25
Banana Shire,1,2021-12-25
Scenic Rim Regional,13,2021-12-25
Rockhampton Regional,23,2021-12-25
South Burnett Regional,4,2021-12-25
Whitsunday Regional,15,2021-12-25
Western Downs Regional,9,2021-12-25
Townsville City,52,2021-12-25
Torres Shire,1,2021-12-25
Toowoomba Regional,77,2021-12-25
Tablelands Regional,5,2021-12-25
Sunshine Coast Regional,192,2021-12-25
Southern Downs Regional,14,2021-12-25
Redland City,78,2021-12-25
Isaac Regional,4,2021-12-26
Redland City,78,2021-12-26
Rockhampton Regional,23,2021-12-26
Scenic Rim Regional,13,2021-12-26
Somerset Regional,8,2021-12-26
South Burnett Regional,4,2021-12-26
Townsville City,52,2021-12-26
Sunshine Coast Regional,192,2021-12-26
Toowoomba Regional,77,2021-12-26
Torres Shire,1,2021-12-26
Paroo Shire,1,2021-12-26
Western Downs Regional,9,2021-12-26
Southern Downs Regional,14,2021-12-26
Not Supplied,235,2021-12-26
North Burnett Regional,5,2021-12-26
Noosa Shire,90,2021-12-26
Ipswich City,132,2021-12-26
Interstate/Other,380,2021-12-26
Hinchinbrook Shire,1,2021-12-26
Gympie Regional,11,2021-12-26
Goondiwindi Regional,13,2021-12-26
Gold Coast City,586,2021-12-26
Gladstone Regional,16,2021-12-26
Whitsunday Regional,15,2021-12-26
Douglas Shire,10,2021-12-26
Lockyer Valley Regional,11,2021-12-26
Livingstone Shire,7,2021-12-26
Doomadgee Aboriginal Shire,1,2021-12-26
Charters Towers Regional,3,2021-12-26
Central Highlands Regional,5,2021-12-26
Cassowary Coast Regional,4,2021-12-26
Cairns Regional,79,2021-12-26
Bundaberg Regional,71,2021-12-26
Logan City,212,2021-12-26
Mackay Regional,31,2021-12-26
Maranoa Regional,2,2021-12-26
Mareeba Shire,15,2021-12-26
Moreton Bay Regional,220,2021-12-26
Cook Shire,1,2021-12-26
Fraser Coast Regional,20,2021-12-26
Tablelands Regional,5,2021-12-26
Banana Shire,1,2021-12-26
Brisbane City,1664,2021-12-26
Goondiwindi Regional,15,2021-12-27
Redland City,117,2021-12-27
Paroo Shire,1,2021-12-27
Not Supplied,358,2021-12-27
North Burnett Regional,5,2021-12-27
Noosa Shire,126,2021-12-27
Moreton Bay Regional,286,2021-12-27
Mareeba Shire,19,2021-12-27
Maranoa Regional,3,2021-12-27
Mackay Regional,38,2021-12-27
Rockhampton Regional,28,2021-12-27
Lockyer Valley Regional,13,2021-12-27
Livingstone Shire,8,2021-12-27
Isaac Regional,6,2021-12-27
Ipswich City,198,2021-12-27
Interstate/Other,486,2021-12-27
Hinchinbrook Shire,1,2021-12-27
Gympie Regional,13,2021-12-27
Gold Coast City,785,2021-12-27
Logan City,346,2021-12-27
Banana Shire,1,2021-12-27
Southern Downs Regional,16,2021-12-27
Brisbane City,2139,2021-12-27
Bundaberg Regional,120,2021-12-27
Cairns Regional,84,2021-12-27
Cassowary Coast Regional,4,2021-12-27
Central Highlands Regional,7,2021-12-27
Charters Towers Regional,3,2021-12-27
Cook Shire,1,2021-12-27
Doomadgee Aboriginal Shire,1,2021-12-27
South Burnett Regional,4,2021-12-27
Douglas Shire,10,2021-12-27
Gladstone Regional,23,2021-12-27
Whitsunday Regional,23,2021-12-27
Western Downs Regional,13,2021-12-27
Townsville City,63,2021-12-27
Torres Shire,1,2021-12-27
Toowoomba Regional,99,2021-12-27
Tablelands Regional,6,2021-12-27
Sunshine Coast Regional,275,2021-12-27
Fraser Coast Regional,27,2021-12-27
Somerset Regional,10,2021-12-27
Scenic Rim Regional,16,2021-12-27
Western Downs Regional,14,2021-12-28
Ipswich City,256,2021-12-28
Interstate/Other,585,2021-12-28
Hinchinbrook Shire,3,2021-12-28
Goondiwindi Regional,15,2021-12-28
Gold Coast City,964,2021-12-28
Gladstone Regional,24,2021-12-28
Fraser Coast Regional,31,2021-12-28
Douglas Shire,10,2021-12-28
Isaac Regional,6,2021-12-28
Doomadgee Aboriginal Shire,2,2021-12-28
Charters Towers Regional,3,2021-12-28
Central Highlands Regional,7,2021-12-28
Cassowary Coast Regional,6,2021-12-28
Cairns Regional,96,2021-12-28
Bundaberg Regional,135,2021-12-28
Brisbane City,2493,2021-12-28
Banana Shire,1,2021-12-28
Whitsunday Regional,31,2021-12-28
Cook Shire,1,2021-12-28
Livingstone Shire,10,2021-12-28
Gympie Regional,16,2021-12-28
Logan City,445,2021-12-28
Townsville City,78,2021-12-28
Torres Shire,1,2021-12-28
Toowoomba Regional,157,2021-12-28
Tablelands Regional,6,2021-12-28
Sunshine Coast Regional,314,2021-12-28
Lockyer Valley Regional,17,2021-12-28
South Burnett Regional,4,2021-12-28
Somerset Regional,11,2021-12-28
Scenic Rim Regional,17,2021-12-28
Rockhampton Regional,34,2021-12-28
Southern Downs Regional,17,2021-12-28
Paroo Shire,2,2021-12-28
Not Supplied,453,2021-12-28
North Burnett Regional,5,2021-12-28
Noosa Shire,148,2021-12-28
Moreton Bay Regional,337,2021-12-28
Mareeba Shire,22,2021-12-28
Maranoa Regional,3,2021-12-28
Mackay Regional,41,2021-12-28
Redland City,140,2021-12-28
Moreton Bay Regional,395,2021-12-29
Mount Isa City,1,2021-12-29
Murweh Shire,2,2021-12-29
Noosa Shire,173,2021-12-29
North Burnett Regional,5,2021-12-29
Scenic Rim Regional,21,2021-12-29
Paroo Shire,3,2021-12-29
Redland City,163,2021-12-29
Rockhampton Regional,36,2021-12-29
McKinlay Shire,1,2021-12-29
Somerset Regional,14,2021-12-29
Not Supplied,620,2021-12-29
Mareeba Shire,23,2021-12-29
Gladstone Regional,30,2021-12-29
Mackay Regional,49,2021-12-29
Logan City,541,2021-12-29
Lockyer Valley Regional,19,2021-12-29
Livingstone Shire,24,2021-12-29
Isaac Regional,6,2021-12-29
Ipswich City,342,2021-12-29
Interstate/Other,711,2021-12-29
Hinchinbrook Shire,3,2021-12-29
Gympie Regional,23,2021-12-29
Goondiwindi Regional,16,2021-12-29
Gold Coast City,1234,2021-12-29
South Burnett Regional,4,2021-12-29
Maranoa Regional,3,2021-12-29
Southern Downs Regional,18,2021-12-29
Douglas Shire,11,2021-12-29
Tablelands Regional,8,2021-12-29
Fraser Coast Regional,37,2021-12-29
Banana Shire,1,2021-12-29
Sunshine Coast Regional,363,2021-12-29
Bundaberg Regional,160,2021-12-29
Cairns Regional,110,2021-12-29
Cassowary Coast Regional,7,2021-12-29
Central Highlands Regional,10,2021-12-29
Charters Towers Regional,3,2021-12-29
Brisbane City,2950,2021-12-29
Doomadgee Aboriginal Shire,2,2021-12-29
Cook Shire,1,2021-12-29
Torres Shire,1,2021-12-29
Townsville City,92,2021-12-29
Toowoomba Regional,233,2021-12-29
Western Downs Regional,16,2021-12-29
Whitsunday Regional,48,2021-12-29
Weipa Town,1,2021-12-29
Logan City,727,2021-12-30
Longreach Regional,1,2021-12-30
Mackay Regional,58,2021-12-30
Mareeba Shire,24,2021-12-30
McKinlay Shire,1,2021-12-30
Moreton Bay Regional,505,2021-12-30
Mount Isa City,3,2021-12-30
Murweh Shire,2,2021-12-30
Noosa Shire,193,2021-12-30
North Burnett Regional,5,2021-12-30
Maranoa Regional,3,2021-12-30
Brisbane City,3564,2021-12-30
Not Supplied,910,2021-12-30
Isaac Regional,7,2021-12-30
Ipswich City,456,2021-12-30
Interstate/Other,910,2021-12-30
Hinchinbrook Shire,3,2021-12-30
Gympie Regional,26,2021-12-30
Goondiwindi Regional,16,2021-12-30
Gold Coast City,1499,2021-12-30
Gladstone Regional,34,2021-12-30
Fraser Coast Regional,47,2021-12-30
Douglas Shire,13,2021-12-30
Doomadgee Aboriginal Shire,2,2021-12-30
Cook Shire,1,2021-12-30
Cherbourg Aboriginal Shire,3,2021-12-30
Charters Towers Regional,3,2021-12-30
Central Highlands Regional,10,2021-12-30
Cassowary Coast Regional,8,2021-12-30
Cairns Regional,133,2021-12-30
Burdekin Shire,1,2021-12-30
Bundaberg Regional,173,2021-12-30
Banana Shire,3,2021-12-30
Paroo Shire,3,2021-12-30
Somerset Regional,15,2021-12-30
Rockhampton Regional,57,2021-12-30
Livingstone Shire,24,2021-12-30
Redland City,221,2021-12-30
Whitsunday Regional,87,2021-12-30
Western Downs Regional,18,2021-12-30
Weipa Town,1,2021-12-30
Townsville City,114,2021-12-30
Lockyer Valley Regional,27,2021-12-30
Toowoomba Regional,312,2021-12-30
Tablelands Regional,8,2021-12-30
Sunshine Coast Regional,450,2021-12-30
Scenic Rim Regional,25,2021-12-30
South Burnett Regional,5,2021-12-30
Torres Shire,12,2021-12-30
Southern Downs Regional,29,2021-12-30
McKinlay Shire,1,2021-12-31
Mareeba Shire,25,2021-12-31
Maranoa Regional,5,2021-12-31
Mackay Regional,80,2021-12-31
Longreach Regional,1,2021-12-31
Logan City,960,2021-12-31
Lockyer Valley Regional,46,2021-12-31
Ipswich City,592,2021-12-31
Isaac Regional,9,2021-12-31
Moreton Bay Regional,649,2021-12-31
Hinchinbrook Shire,6,2021-12-31
Gympie Regional,38,2021-12-31
Goondiwindi Regional,16,2021-12-31
Gladstone Regional,44,2021-12-31
Fraser Coast Regional,81,2021-12-31
Livingstone Shire,26,2021-12-31
Mount Isa City,4,2021-12-31
Noosa Shire,253,2021-12-31
Douglas Shire,27,2021-12-31
Whitsunday Regional,126,2021-12-31
Western Downs Regional,23,2021-12-31
Weipa Town,1,2021-12-31
Townsville City,129,2021-12-31
Torres Shire,12,2021-12-31
Toowoomba Regional,368,2021-12-31
Tablelands Regional,12,2021-12-31
Sunshine Coast Regional,533,2021-12-31
Southern Downs Regional,32,2021-12-31
South Burnett Regional,18,2021-12-31
Somerset Regional,15,2021-12-31
Scenic Rim Regional,34,2021-12-31
Rockhampton Regional,61,2021-12-31
Redland City,307,2021-12-31
Paroo Shire,3,2021-12-31
Not Supplied,1253,2021-12-31
North Burnett Regional,8,2021-12-31
Murweh Shire,2,2021-12-31
Doomadgee Aboriginal Shire,2,2021-12-31
Interstate/Other,1124,2021-12-31
Cherbourg Aboriginal Shire,12,2021-12-31
Cook Shire,1,2021-12-31
Balonne Shire,2,2021-12-31
Banana Shire,3,2021-12-31
Brisbane City,4560,2021-12-31
Bundaberg Regional,196,2021-12-31
Gold Coast City,1967,2021-12-31
Cairns Regional,173,2021-12-31
Cassowary Coast Regional,8,2021-12-31
Central Highlands Regional,11,2021-12-31
Charters Towers Regional,3,2021-12-31
Burdekin Shire,1,2021-12-31
Mareeba Shire,26,2022-01-01
McKinlay Shire,1,2022-01-01
Mount Isa City,4,2022-01-01
Murweh Shire,2,2022-01-01
Noosa Shire,284,2022-01-01
North Burnett Regional,9,2022-01-01
Not Supplied,1358,2022-01-01
Paroo Shire,4,2022-01-01
Redland City,367,2022-01-01
Rockhampton Regional,66,2022-01-01
Somerset Regional,20,2022-01-01
South Burnett Regional,21,2022-01-01
Southern Downs Regional,38,2022-01-01
Sunshine Coast Regional,599,2022-01-01
Tablelands Regional,15,2022-01-01
Toowoomba Regional,396,2022-01-01
Torres Shire,13,2022-01-01
Townsville City,144,2022-01-01
Weipa Town,1,2022-01-01
Western Downs Regional,30,2022-01-01
Whitsunday Regional,138,2022-01-01
Moreton Bay Regional,801,2022-01-01
Scenic Rim Regional,44,2022-01-01
Maranoa Regional,7,2022-01-01
Longreach Regional,1,2022-01-01
Logan City,1221,2022-01-01
Charters Towers Regional,3,2022-01-01
Central Highlands Regional,11,2022-01-01
Cassowary Coast Regional,8,2022-01-01
Cairns Regional,207,2022-01-01
Burdekin Shire,1,2022-01-01
Bundaberg Regional,211,2022-01-01
Brisbane City,5255,2022-01-01
Banana Shire,3,2022-01-01
Balonne Shire,2,2022-01-01
Cook Shire,1,2022-01-01
Mackay Regional,92,2022-01-01
Doomadgee Aboriginal Shire,2,2022-01-01
Fraser Coast Regional,91,2022-01-01
Gladstone Regional,46,2022-01-01
Gold Coast City,2432,2022-01-01
Goondiwindi Regional,16,2022-01-01
Gympie Regional,43,2022-01-01
Hinchinbrook Shire,12,2022-01-01
Interstate/Other,1228,2022-01-01
Ipswich City,703,2022-01-01
Livingstone Shire,27,2022-01-01
Lockyer Valley Regional,51,2022-01-01
Douglas Shire,37,2022-01-01
Isaac Regional,11,2022-01-01
Cloncurry Shire,1,2022-01-01
Cherbourg Aboriginal Shire,21,2022-01-01
Douglas Shire,40,2022-01-02
Isaac Regional,20,2022-01-02
Livingstone Shire,32,2022-01-02
Lockyer Valley Regional,58,2022-01-02
Logan City,1509,2022-01-02
Longreach Regional,1,2022-01-02
Mackay Regional,118,2022-01-02
Maranoa Regional,11,2022-01-02
Whitsunday Regional,193,2022-01-02
Western Downs Regional,36,2022-01-02
Weipa Town,3,2022-01-02
Townsville City,179,2022-01-02
Torres Shire,12,2022-01-02
Toowoomba Regional,463,2022-01-02
Tablelands Regional,16,2022-01-02
Sunshine Coast Regional,764,2022-01-02
Southern Downs Regional,38,2022-01-02
South Burnett Regional,25,2022-01-02
Somerset Regional,28,2022-01-02
Scenic Rim Regional,50,2022-01-02
Rockhampton Regional,85,2022-01-02
Redland City,424,2022-01-02
Paroo Shire,5,2022-01-02
Palm Island Aboriginal Shire,5,2022-01-02
Not Supplied,1827,2022-01-02
North Burnett Regional,13,2022-01-02
Noosa Shire,332,2022-01-02
Murweh Shire,4,2022-01-02
Mount Isa City,6,2022-01-02
Moreton Bay Regional,945,2022-01-02
Ipswich City,827,2022-01-02
Interstate/Other,1464,2022-01-02
Hinchinbrook Shire,15,2022-01-02
Gympie Regional,48,2022-01-02
Balonne Shire,2,2022-01-02
Banana Shire,7,2022-01-02
McKinlay Shire,1,2022-01-02
Bundaberg Regional,242,2022-01-02
Burdekin Shire,2,2022-01-02
Cairns Regional,314,2022-01-02
Cassowary Coast Regional,11,2022-01-02
Central Highlands Regional,13,2022-01-02
Brisbane City,6314,2022-01-02
Cherbourg Aboriginal Shire,30,2022-01-02
Charters Towers Regional,3,2022-01-02
Goondiwindi Regional,19,2022-01-02
Gold Coast City,2936,2022-01-02
Gladstone Regional,62,2022-01-02
Mareeba Shire,27,2022-01-02
Doomadgee Aboriginal Shire,2,2022-01-02
Cook Shire,2,2022-01-02
Cloncurry Shire,1,2022-01-02
Fraser Coast Regional,123,2022-01-02
Scenic Rim Regional,61,2022-01-03
Somerset Regional,34,2022-01-03
Southern Downs Regional,49,2022-01-03
Sunshine Coast Regional,936,2022-01-03
Tablelands Regional,23,2022-01-03
Toowoomba Regional,579,2022-01-03
Torres Shire,12,2022-01-03
Townsville City,254,2022-01-03
Weipa Town,3,2022-01-03
Western Downs Regional,48,2022-01-03
Whitsunday Regional,227,2022-01-03
South Burnett Regional,39,2022-01-03
Balonne Shire,3,2022-01-03
Redland City,513,2022-01-03
Goondiwindi Regional,20,2022-01-03
Gold Coast City,3552,2022-01-03
Gladstone Regional,68,2022-01-03
Fraser Coast Regional,155,2022-01-03
Flinders Shire,1,2022-01-03
Douglas Shire,56,2022-01-03
Doomadgee Aboriginal Shire,2,2022-01-03
Cook Shire,7,2022-01-03
Gympie Regional,68,2022-01-03
Cloncurry Shire,1,2022-01-03
Central Highlands Regional,18,2022-01-03
Cassowary Coast Regional,15,2022-01-03
Cairns Regional,436,2022-01-03
Burdekin Shire,2,2022-01-03
Bundaberg Regional,257,2022-01-03
Brisbane City,7562,2022-01-03
Banana Shire,11,2022-01-03
Rockhampton Regional,119,2022-01-03
Cherbourg Aboriginal Shire,51,2022-01-03
Hinchinbrook Shire,23,2022-01-03
Charters Towers Regional,4,2022-01-03
Ipswich City,1002,2022-01-03
Paroo Shire,5,2022-01-03
Interstate/Other,1655,2022-01-03
Palm Island Aboriginal Shire,6,2022-01-03
Not Supplied,2189,2022-01-03
North Burnett Regional,13,2022-01-03
Murweh Shire,4,2022-01-03
Mount Isa City,7,2022-01-03
Moreton Bay Regional,1168,2022-01-03
McKinlay Shire,1,2022-01-03
Noosa Shire,416,2022-01-03
Maranoa Regional,12,2022-01-03
Mackay Regional,168,2022-01-03
Longreach Regional,1,2022-01-03
Logan City,1912,2022-01-03
Isaac Regional,24,2022-01-03
Mareeba Shire,31,2022-01-03
Lockyer Valley Regional,80,2022-01-03
Livingstone Shire,38,2022-01-03
McKinlay Shire,1,2022-01-04
Palm Island Aboriginal Shire,6,2022-01-04
Not Supplied,2850,2022-01-04
Northern Peninsula Area Regional,1,2022-01-04
North Burnett Regional,14,2022-01-04
Murweh Shire,4,2022-01-04
Mount Isa City,8,2022-01-04
Moreton Bay Regional,1426,2022-01-04
Mareeba Shire,39,2022-01-04
Paroo Shire,5,2022-01-04
Noosa Shire,476,2022-01-04
Redland City,603,2022-01-04
Toowoomba Regional,665,2022-01-04
Scenic Rim Regional,80,2022-01-04
Somerset Regional,38,2022-01-04
South Burnett Regional,51,2022-01-04
Southern Downs Regional,68,2022-01-04
Sunshine Coast Regional,1155,2022-01-04
Tablelands Regional,27,2022-01-04
Torres Shire,13,2022-01-04
Townsville City,339,2022-01-04
Weipa Town,3,2022-01-04
Maranoa Regional,14,2022-01-04
Western Downs Regional,52,2022-01-04
Rockhampton Regional,151,2022-01-04
Mackay Regional,215,2022-01-04
Central Highlands Regional,19,2022-01-04
Logan City,2255,2022-01-04
Whitsunday Regional,263,2022-01-04
Banana Shire,14,2022-01-04
Brisbane City,9263,2022-01-04
Bundaberg Regional,286,2022-01-04
Burdekin Shire,3,2022-01-04
Cairns Regional,614,2022-01-04
Cassowary Coast Regional,29,2022-01-04
Charters Towers Regional,4,2022-01-04
Cherbourg Aboriginal Shire,61,2022-01-04
Cloncurry Shire,1,2022-01-04
Cook Shire,24,2022-01-04
Doomadgee Aboriginal Shire,2,2022-01-04
Douglas Shire,84,2022-01-04
Flinders Shire,1,2022-01-04
Fraser Coast Regional,206,2022-01-04
Gladstone Regional,93,2022-01-04
Gold Coast City,4533,2022-01-04
Goondiwindi Regional,21,2022-01-04
Gympie Regional,82,2022-01-04
Hinchinbrook Shire,25,2022-01-04
Interstate/Other,2013,2022-01-04
Ipswich City,1245,2022-01-04
Isaac Regional,29,2022-01-04
Livingstone Shire,47,2022-01-04
Lockyer Valley Regional,97,2022-01-04
Longreach Regional,3,2022-01-04
Woorabinda Aboriginal Shire,1,2022-01-04
Balonne Shire,4,2022-01-04
Weipa Town,11,2022-01-05
Livingstone Shire,59,2022-01-05
Isaac Regional,46,2022-01-05
Ipswich City,1622,2022-01-05
Interstate/Other,2301,2022-01-05
Hinchinbrook Shire,38,2022-01-05
Gympie Regional,104,2022-01-05
Goondiwindi Regional,23,2022-01-05
Gold Coast City,5507,2022-01-05
Gladstone Regional,128,2022-01-05
Fraser Coast Regional,272,2022-01-05
Flinders Shire,1,2022-01-05
Douglas Shire,86,2022-01-05
Doomadgee Aboriginal Shire,2,2022-01-05
Cook Shire,31,2022-01-05
Cloncurry Shire,1,2022-01-05
Cherbourg Aboriginal Shire,71,2022-01-05
Charters Towers Regional,5,2022-01-05
Central Highlands Regional,21,2022-01-05
Cassowary Coast Regional,40,2022-01-05
Cairns Regional,766,2022-01-05
Burdekin Shire,5,2022-01-05
Bundaberg Regional,322,2022-01-05
Blackall Tambo Regional,2,2022-01-05
Banana Shire,14,2022-01-05
Balonne Shire,4,2022-01-05
Lockhart River Aboriginal Shire,1,2022-01-05
Western Downs Regional,60,2022-01-05
Lockyer Valley Regional,126,2022-01-05
Longreach Regional,3,2022-01-05
Townsville City,408,2022-01-05
Torres Shire,16,2022-01-05
Toowoomba Regional,751,2022-01-05
Tablelands Regional,32,2022-01-05
Sunshine Coast Regional,1483,2022-01-05
Southern Downs Regional,76,2022-01-05
South Burnett Regional,83,2022-01-05
Somerset Regional,48,2022-01-05
Scenic Rim Regional,86,2022-01-05
Rockhampton Regional,188,2022-01-05
Redland City,668,2022-01-05
Quilpie Shire,1,2022-01-05
Paroo Shire,5,2022-01-05
Palm Island Aboriginal Shire,6,2022-01-05
Not Supplied,3605,2022-01-05
Northern Peninsula Area Regional,4,2022-01-05
North Burnett Regional,14,2022-01-05
Noosa Shire,529,2022-01-05
Murweh Shire,5,2022-01-05
Mount Isa City,10,2022-01-05
Moreton Bay Regional,1739,2022-01-05
McKinlay Shire,1,2022-01-05
Mareeba Shire,42,2022-01-05
Maranoa Regional,16,2022-01-05
Mackay Regional,289,2022-01-05
Logan City,2651,2022-01-05
Brisbane City,11655,2022-01-05
Woorabinda Aboriginal Shire,1,2022-01-05
Whitsunday Regional,316,2022-01-05
Livingstone Shire,92,2022-01-06
Isaac Regional,55,2022-01-06
Ipswich City,2070,2022-01-06
Interstate/Other,2613,2022-01-06
Hope Vale Aboriginal Shire,1,2022-01-06
Hinchinbrook Shire,41,2022-01-06
Gympie Regional,144,2022-01-06
Goondiwindi Regional,27,2022-01-06
Gold Coast City,7043,2022-01-06
Gladstone Regional,152,2022-01-06
Fraser Coast Regional,339,2022-01-06
Flinders Shire,2,2022-01-06
Douglas Shire,103,2022-01-06
Doomadgee Aboriginal Shire,2,2022-01-06
Cook Shire,42,2022-01-06
Cloncurry Shire,1,2022-01-06
Cherbourg Aboriginal Shire,74,2022-01-06
Charters Towers Regional,6,2022-01-06
Central Highlands Regional,27,2022-01-06
Cassowary Coast Regional,55,2022-01-06
Cairns Regional,1123,2022-01-06
Burdekin Shire,17,2022-01-06
Bundaberg Regional,361,2022-01-06
Brisbane City,15266,2022-01-06
Blackall Tambo Regional,2,2022-01-06
Barcaldine Regional,1,2022-01-06
Banana Shire,17,2022-01-06
Balonne Shire,4,2022-01-06
Wujal Wujal Aboriginal Shire,1,2022-01-06
Lockhart River Aboriginal Shire,1,2022-01-06
Lockyer Valley Regional,149,2022-01-06
Woorabinda Aboriginal Shire,1,2022-01-06
Longreach Regional,5,2022-01-06
Logan City,3299,2022-01-06
Whitsunday Regional,353,2022-01-06
Western Downs Regional,89,2022-01-06
Weipa Town,22,2022-01-06
Townsville City,518,2022-01-06
Torres Shire,19,2022-01-06
Toowoomba Regional,841,2022-01-06
Tablelands Regional,39,2022-01-06
Sunshine Coast Regional,2068,2022-01-06
South Burnett Regional,135,2022-01-06
Somerset Regional,64,2022-01-06
Scenic Rim Regional,112,2022-01-06
Rockhampton Regional,243,2022-01-06
Redland City,841,2022-01-06
Quilpie Shire,1,2022-01-06
Southern Downs Regional,101,2022-01-06
Palm Island Aboriginal Shire,6,2022-01-06
Maranoa Regional,18,2022-01-06
Paroo Shire,5,2022-01-06
Mareeba Shire,48,2022-01-06
McKinlay Shire,1,2022-01-06
Moreton Bay Regional,2094,2022-01-06
Mount Isa City,12,2022-01-06
Mornington Shire,2,2022-01-06
Napranum Aboriginal Shire,1,2022-01-06
Mackay Regional,495,2022-01-06
Noosa Shire,603,2022-01-06
North Burnett Regional,17,2022-01-06
Northern Peninsula Area Regional,6,2022-01-06
Not Supplied,4834,2022-01-06
Murweh Shire,7,2022-01-06
Goondiwindi Regional,45,2022-01-07
Fraser Coast Regional,392,2022-01-07
Gladstone Regional,225,2022-01-07
Gold Coast City,8760,2022-01-07
Gympie Regional,169,2022-01-07
Kowanyama Aboriginal Shire,1,2022-01-07
Hope Vale Aboriginal Shire,1,2022-01-07
Interstate/Other,3054,2022-01-07
Ipswich City,2513,2022-01-07
Isaac Regional,78,2022-01-07
Livingstone Shire,113,2022-01-07
Flinders Shire,2,2022-01-07
Hinchinbrook Shire,44,2022-01-07
Etheridge Shire,1,2022-01-07
Barcaldine Regional,3,2022-01-07
Doomadgee Aboriginal Shire,2,2022-01-07
Cook Shire,55,2022-01-07
Cloncurry Shire,1,2022-01-07
Cherbourg Aboriginal Shire,89,2022-01-07
Charters Towers Regional,8,2022-01-07
Central Highlands Regional,62,2022-01-07
Cassowary Coast Regional,65,2022-01-07
Carpentaria Shire,2,2022-01-07
Cairns Regional,1591,2022-01-07
Burdekin Shire,24,2022-01-07
Brisbane City,18578,2022-01-07
Blackall Tambo Regional,2,2022-01-07
Lockhart River Aboriginal Shire,1,2022-01-07
Banana Shire,28,2022-01-07
Douglas Shire,116,2022-01-07
Lockyer Valley Regional,165,2022-01-07
Palm Island Aboriginal Shire,8,2022-01-07
Longreach Regional,6,2022-01-07
Wujal Wujal Aboriginal Shire,1,2022-01-07
Balonne Shire,7,2022-01-07
Whitsunday Regional,469,2022-01-07
Western Downs Regional,114,2022-01-07
Weipa Town,25,2022-01-07
Townsville City,672,2022-01-07
Torres Shire,21,2022-01-07
Toowoomba Regional,940,2022-01-07
Tablelands Regional,69,2022-01-07
Sunshine Coast Regional,2500,2022-01-07
Southern Downs Regional,105,2022-01-07
South Burnett Regional,188,2022-01-07
Somerset Regional,104,2022-01-07
Scenic Rim Regional,153,2022-01-07
Logan City,3997,2022-01-07
Rockhampton Regional,282,2022-01-07
Quilpie Shire,2,2022-01-07
Paroo Shire,5,2022-01-07
Not Supplied,6159,2022-01-07
Northern Peninsula Area Regional,7,2022-01-07
North Burnett Regional,21,2022-01-07
Noosa Shire,739,2022-01-07
Napranum Aboriginal Shire,1,2022-01-07
Murweh Shire,9,2022-01-07
Mount Isa City,15,2022-01-07
Mornington Shire,2,2022-01-07
Moreton Bay Regional,2718,2022-01-07
Mareeba Shire,56,2022-01-07
Maranoa Regional,25,2022-01-07
Mackay Regional,581,2022-01-07
Redland City,1076,2022-01-07
Woorabinda Aboriginal Shire,1,2022-01-07
Bundaberg Regional,409,2022-01-07
Mornington Shire,2,2022-01-08
Mapoon Aboriginal Shire,1,2022-01-08
Maranoa Regional,43,2022-01-08
Mareeba Shire,89,2022-01-08
Moreton Bay Regional,3199,2022-01-08
Mount Isa City,17,2022-01-08
Murweh Shire,15,2022-01-08
Napranum Aboriginal Shire,1,2022-01-08
Noosa Shire,820,2022-01-08
North Burnett Regional,23,2022-01-08
Northern Peninsula Area Regional,7,2022-01-08
Not Supplied,6987,2022-01-08
Palm Island Aboriginal Shire,17,2022-01-08
Paroo Shire,6,2022-01-08
Quilpie Shire,2,2022-01-08
Redland City,1477,2022-01-08
Rockhampton Regional,309,2022-01-08
Scenic Rim Regional,187,2022-01-08
Wujal Wujal Aboriginal Shire,1,2022-01-08
Woorabinda Aboriginal Shire,2,2022-01-08
Winton Shire,1,2022-01-08
Whitsunday Regional,599,2022-01-08
Western Downs Regional,140,2022-01-08
Weipa Town,27,2022-01-08
Longreach Regional,11,2022-01-08
Townsville City,762,2022-01-08
Toowoomba Regional,1141,2022-01-08
Tablelands Regional,98,2022-01-08
Sunshine Coast Regional,2894,2022-01-08
Southern Downs Regional,151,2022-01-08
South Burnett Regional,213,2022-01-08
Somerset Regional,127,2022-01-08
Torres Shire,24,2022-01-08
Logan City,4831,2022-01-08
Mackay Regional,716,2022-01-08
Lockhart River Aboriginal Shire,1,2022-01-08
Lockyer Valley Regional,200,2022-01-08
Cherbourg Aboriginal Shire,96,2022-01-08
Charters Towers Regional,9,2022-01-08
Central Highlands Regional,75,2022-01-08
Cassowary Coast Regional,78,2022-01-08
Carpentaria Shire,2,2022-01-08
Cairns Regional,2169,2022-01-08
Burdekin Shire,28,2022-01-08
Bundaberg Regional,454,2022-01-08
Bulloo Shire,1,2022-01-08
Brisbane City,21965,2022-01-08
Blackall Tambo Regional,3,2022-01-08
Barcaldine Regional,6,2022-01-08
Banana Shire,31,2022-01-08
Balonne Shire,8,2022-01-08
Cook Shire,75,2022-01-08
Doomadgee Aboriginal Shire,2,2022-01-08
Cloncurry Shire,4,2022-01-08
Etheridge Shire,1,2022-01-08
Livingstone Shire,130,2022-01-08
Kowanyama Aboriginal Shire,1,2022-01-08
Isaac Regional,138,2022-01-08
Ipswich City,2906,2022-01-08
Douglas Shire,171,2022-01-08
Hope Vale Aboriginal Shire,1,2022-01-08
Interstate/Other,3637,2022-01-08
Gympie Regional,222,2022-01-08
Goondiwindi Regional,55,2022-01-08
Gold Coast City,10609,2022-01-08
Gladstone Regional,249,2022-01-08
Fraser Coast Regional,467,2022-01-08
Flinders Shire,2,2022-01-08
Hinchinbrook Shire,47,2022-01-08
Sunshine Coast Regional,3719,2022-01-09
Townsville City,1127,2022-01-09
Tablelands Regional,161,2022-01-09
Toowoomba Regional,1315,2022-01-09
Torres Shire,25,2022-01-09
Torres Strait Island Regional,2,2022-01-09
Weipa Town,29,2022-01-09
Bundaberg Regional,518,2022-01-09
Whitsunday Regional,692,2022-01-09
Winton Shire,5,2022-01-09
Woorabinda Aboriginal Shire,2,2022-01-09
Wujal Wujal Aboriginal Shire,1,2022-01-09
Yarrabah Aboriginal Shire,2,2022-01-09
Bulloo Shire,1,2022-01-09
Southern Downs Regional,209,2022-01-09
Western Downs Regional,203,2022-01-09
South Burnett Regional,239,2022-01-09
Brisbane City,25504,2022-01-09
Scenic Rim Regional,217,2022-01-09
Gold Coast City,12441,2022-01-09
Goondiwindi Regional,61,2022-01-09
Gympie Regional,243,2022-01-09
Hinchinbrook Shire,66,2022-01-09
Hope Vale Aboriginal Shire,1,2022-01-09
Interstate/Other,4463,2022-01-09
Ipswich City,3342,2022-01-09
Gladstone Regional,309,2022-01-09
Isaac Regional,152,2022-01-09
Livingstone Shire,155,2022-01-09
Lockhart River Aboriginal Shire,2,2022-01-09
Somerset Regional,160,2022-01-09
Logan City,5638,2022-01-09
Longreach Regional,14,2022-01-09
Mackay Regional,970,2022-01-09
Mapoon Aboriginal Shire,1,2022-01-09
Kowanyama Aboriginal Shire,3,2022-01-09
Maranoa Regional,71,2022-01-09
Fraser Coast Regional,576,2022-01-09
Etheridge Shire,1,2022-01-09
Blackall Tambo Regional,6,2022-01-09
Barcaldine Regional,8,2022-01-09
Banana Shire,47,2022-01-09
Balonne Shire,12,2022-01-09
Burdekin Shire,53,2022-01-09
Cairns Regional,3208,2022-01-09
Carpentaria Shire,3,2022-01-09
Flinders Shire,2,2022-01-09
Cassowary Coast Regional,140,2022-01-09
Charters Towers Regional,10,2022-01-09
Cherbourg Aboriginal Shire,96,2022-01-09
Cloncurry Shire,13,2022-01-09
Cook Shire,109,2022-01-09
Diamantina Shire,1,2022-01-09
Doomadgee Aboriginal Shire,2,2022-01-09
Douglas Shire,298,2022-01-09
Central Highlands Regional,96,2022-01-09
Mareeba Shire,145,2022-01-09
Lockyer Valley Regional,240,2022-01-09
Murweh Shire,32,2022-01-09
North Burnett Regional,27,2022-01-09
Mount Isa City,25,2022-01-09
Mornington Shire,2,2022-01-09
Northern Peninsula Area Regional,7,2022-01-09
Not Supplied,8200,2022-01-09
Palm Island Aboriginal Shire,21,2022-01-09
Paroo Shire,7,2022-01-09
Moreton Bay Regional,3776,2022-01-09
Napranum Aboriginal Shire,1,2022-01-09
Noosa Shire,951,2022-01-09
Rockhampton Regional,380,2022-01-09
Richmond Shire,1,2022-01-09
Redland City,1879,2022-01-09
Quilpie Shire,2,2022-01-09
Weipa Town,29,2022-01-10
North Burnett Regional,27,2022-01-10
Noosa Shire,951,2022-01-10
Napranum Aboriginal Shire,1,2022-01-10
Murweh Shire,32,2022-01-10
Mount Isa City,25,2022-01-10
Mornington Shire,2,2022-01-10
Northern Peninsula Area Regional,7,2022-01-10
Woorabinda Aboriginal Shire,2,2022-01-10
Wujal Wujal Aboriginal Shire,1,2022-01-10
Yarrabah Aboriginal Shire,2,2022-01-10
Winton Shire,5,2022-01-10
Western Downs Regional,203,2022-01-10
Not Supplied,8200,2022-01-10
Paroo Shire,7,2022-01-10
Townsville City,1127,2022-01-10
Torres Strait Island Regional,2,2022-01-10
Torres Shire,25,2022-01-10
Toowoomba Regional,1315,2022-01-10
Tablelands Regional,161,2022-01-10
Sunshine Coast Regional,3719,2022-01-10
Palm Island Aboriginal Shire,21,2022-01-10
Southern Downs Regional,209,2022-01-10
Somerset Regional,160,2022-01-10
Scenic Rim Regional,217,2022-01-10
Whitsunday Regional,692,2022-01-10
Richmond Shire,1,2022-01-10
Redland City,1879,2022-01-10
Quilpie Shire,2,2022-01-10
South Burnett Regional,239,2022-01-10
Rockhampton Regional,380,2022-01-10
Diamantina Shire,1,2022-01-10
Moreton Bay Regional,3776,2022-01-10
Douglas Shire,298,2022-01-10
Balonne Shire,12,2022-01-10
Banana Shire,47,2022-01-10
Barcaldine Regional,8,2022-01-10
Blackall Tambo Regional,6,2022-01-10
Brisbane City,25504,2022-01-10
Bulloo Shire,1,2022-01-10
Bundaberg Regional,518,2022-01-10
Burdekin Shire,53,2022-01-10
Cairns Regional,3208,2022-01-10
Carpentaria Shire,3,2022-01-10
Cassowary Coast Regional,140,2022-01-10
Central Highlands Regional,96,2022-01-10
Charters Towers Regional,10,2022-01-10
Cherbourg Aboriginal Shire,96,2022-01-10
Cloncurry Shire,13,2022-01-10
Cook Shire,109,2022-01-10
Etheridge Shire,1,2022-01-10
Doomadgee Aboriginal Shire,2,2022-01-10
Flinders Shire,2,2022-01-10
Gladstone Regional,309,2022-01-10
Mareeba Shire,145,2022-01-10
Maranoa Regional,71,2022-01-10
Mapoon Aboriginal Shire,1,2022-01-10
Mackay Regional,970,2022-01-10
Logan City,5638,2022-01-10
Lockyer Valley Regional,240,2022-01-10
Lockhart River Aboriginal Shire,2,2022-01-10
Livingstone Shire,155,2022-01-10
Kowanyama Aboriginal Shire,3,2022-01-10
Isaac Regional,152,2022-01-10
Ipswich City,3342,2022-01-10
Interstate/Other,4463,2022-01-10
Hope Vale Aboriginal Shire,1,2022-01-10
Hinchinbrook Shire,66,2022-01-10
Gympie Regional,243,2022-01-10
Goondiwindi Regional,61,2022-01-10
Gold Coast City,12441,2022-01-10
Fraser Coast Regional,576,2022-01-10
Longreach Regional,14,2022-01-10
